{
  "1": [
    {
      "classification_scores": [
        0.10537592321634293,
        0.055527590215206146,
        0.05014311522245407
      ],
      "classification_name_ids": [
        -1,
        -1,
        -1
      ]
    }
  ]
}{
  "2": [
    {
      "classification_scores": [
        0.16846883296966553,
        0.06818395107984543,
        0.05595267936587334
      ],
      "classification_name_ids": [
        -1,
        -1,
        -1
      ]
    }
  ]
}{
  "3": [
    {
      "classification_scores": [
        0.05512202903628349,
        0.048284564167261124,
        0.04691990837454796
      ],
      "classification_name_ids": [
        -1,
        -1,
        -1
      ]
    }
  ]
}{
  "4": [
    {
      "classification_scores": [
        0.6279760003089905,
        0.08629541844129562,
        0.05365685746073723
      ],
      "classification_name_ids": [
        1,
        20,
        8
      ]
    }
  ]
}{
  "5": [
    {
      "classification_scores": [
        0.18282350897789001,
        0.09780947864055634,
        0.06798125803470612
      ],
      "classification_name_ids": [
        -1,
        -1,
        -1
      ]
    }
  ]
}{
  "6": [
    {
      "classification_scores": [
        0.765132486820221,
        0.012106204405426979,
        0.01066954992711544
      ],
      "classification_name_ids": [
        0,
        60,
        72
      ]
    }
  ]
}{
  "7": [
    {
      "classification_scores": [
        0.21889159083366394,
        0.09443666785955429,
        0.03853141516447067
      ],
      "classification_name_ids": [
        10,
        9,
        33
      ]
    }
  ]
}{
  "8": [
    {
      "classification_scores": [
        0.36826297640800476,
        0.1196640282869339,
        0.06695616990327835
      ],
      "classification_name_ids": [
        10,
        9,
        23
      ]
    }
  ]
}{
  "9": [
    {
      "classification_scores": [
        0.35220688581466675,
        0.09679046273231506,
        0.04898076131939888
      ],
      "classification_name_ids": [
        0,
        9,
        23
      ]
    }
  ]
}{
  "10": [
    {
      "classification_scores": [
        0.3997039794921875,
        0.042086582630872726,
        0.023810910061001778
      ],
      "classification_name_ids": [
        0,
        72,
        9
      ]
    }
  ]
}{
  "11": [
    {
      "classification_scores": [
        0.06657291948795319,
        0.04225229471921921,
        0.0359642431139946
      ],
      "classification_name_ids": [
        -1,
        -1,
        -1
      ]
    }
  ]
}{
  "12": [
    {
      "classification_scores": [
        0.11120826750993729,
        0.08314654231071472,
        0.03162146732211113
      ],
      "classification_name_ids": [
        -1,
        -1,
        -1
      ]
    }
  ]
}{
  "13": [
    {
      "classification_scores": [
        0.05305054038763046,
        0.042767371982336044,
        0.02301020734012127
      ],
      "classification_name_ids": [
        -1,
        -1,
        -1
      ]
    }
  ]
}{
  "14": [
    {
      "classification_scores": [
        0.10494739562273026,
        0.1001439318060875,
        0.07471221685409546
      ],
      "classification_name_ids": [
        -1,
        -1,
        -1
      ]
    }
  ]
}{
  "15": [
    {
      "classification_scores": [
        0.3073267638683319,
        0.12941111624240875,
        0.04029321298003197
      ],
      "classification_name_ids": [
        0,
        33,
        114
      ]
    }
  ]
}{
  "16": [
    {
      "classification_scores": [
        0.06456759572029114,
        0.060385555028915405,
        0.05312458798289299
      ],
      "classification_name_ids": [
        -1,
        -1,
        -1
      ]
    }
  ]
}{
  "17": [
    {
      "classification_scores": [
        0.22040516138076782,
        0.08005791157484055,
        0.07618814706802368
      ],
      "classification_name_ids": [
        9,
        0,
        10
      ]
    }
  ]
}{
  "18": [
    {
      "classification_scores": [
        0.0907401368021965,
        0.03853006660938263,
        0.03536473959684372
      ],
      "classification_name_ids": [
        -1,
        -1,
        -1
      ]
    }
  ]
}{
  "19": [
    {
      "classification_scores": [
        0.08186031877994537,
        0.06477314978837967,
        0.05738185718655586
      ],
      "classification_name_ids": [
        -1,
        -1,
        -1
      ]
    }
  ]
}{
  "20": [
    {
      "classification_scores": [
        0.39897510409355164,
        0.09843140840530396,
        0.03793765604496002
      ],
      "classification_name_ids": [
        0,
        23,
        60
      ]
    }
  ]
}{
  "21": [
    {
      "classification_scores": [
        0.10123871266841888,
        0.09931427985429764,
        0.04816029965877533
      ],
      "classification_name_ids": [
        -1,
        -1,
        -1
      ]
    }
  ]
}{
  "22": [
    {
      "classification_scores": [
        0.43561869859695435,
        0.04277195408940315,
        0.04213542863726616
      ],
      "classification_name_ids": [
        0,
        5,
        11
      ]
    }
  ]
}{
  "23": [
    {
      "classification_scores": [
        0.4955722391605377,
        0.060038574039936066,
        0.03586007282137871
      ],
      "classification_name_ids": [
        3,
        49,
        42
      ]
    }
  ]
}{
  "24": [
    {
      "classification_scores": [
        0.10279899090528488,
        0.0443703830242157,
        0.036579832434654236
      ],
      "classification_name_ids": [
        -1,
        -1,
        -1
      ]
    }
  ]
}{
  "25": [
    {
      "classification_scores": [
        0.2790597081184387,
        0.05763213708996773,
        0.021182019263505936
      ],
      "classification_name_ids": [
        9,
        3,
        10
      ]
    }
  ]
}{
  "26": [
    {
      "classification_scores": [
        0.19504524767398834,
        0.10571619123220444,
        0.10350268334150314
      ],
      "classification_name_ids": [
        -1,
        -1,
        -1
      ]
    }
  ]
}{
  "27": [
    {
      "classification_scores": [
        0.45573100447654724,
        0.1452246457338333,
        0.06639380007982254
      ],
      "classification_name_ids": [
        10,
        33,
        9
      ]
    }
  ]
}{
  "28": [
    {
      "classification_scores": [
        0.08380081504583359,
        0.026539815589785576,
        0.026500774547457695
      ],
      "classification_name_ids": [
        -1,
        -1,
        -1
      ]
    }
  ]
}{
  "29": [
    {
      "classification_scores": [
        0.11449102312326431,
        0.06378291547298431,
        0.04187673702836037
      ],
      "classification_name_ids": [
        -1,
        -1,
        -1
      ]
    }
  ]
}{
  "30": [
    {
      "classification_scores": [
        0.30342021584510803,
        0.03729606047272682,
        0.024248482659459114
      ],
      "classification_name_ids": [
        3,
        9,
        48
      ]
    }
  ]
}{
  "31": [
    {
      "classification_scores": [
        0.2074616253376007,
        0.18631276488304138,
        0.09066174924373627
      ],
      "classification_name_ids": [
        33,
        0,
        9
      ]
    }
  ]
}{
  "32": [
    {
      "classification_scores": [
        0.0861269161105156,
        0.05835719406604767,
        0.050227828323841095
      ],
      "classification_name_ids": [
        -1,
        -1,
        -1
      ]
    }
  ]
}{
  "33": [
    {
      "classification_scores": [
        0.08449830859899521,
        0.05817878618836403,
        0.03616288676857948
      ],
      "classification_name_ids": [
        -1,
        -1,
        -1
      ]
    }
  ]
}{
  "34": [
    {
      "classification_scores": [
        0.6039298176765442,
        0.06241603568196297,
        0.035902708768844604
      ],